board_name,url,Overall Rating,Riding Style,Riding Level,Fits Boot size (US),Manufactured in,Shape,Camber Profile,Stance,Approx. Weight,Powder,Turning Experience,Carving,Speed,Uneven Terrain,Switch,Jumps,Jibbing,Pipe,year
Alloy Pandora,https://thegoodride.com/snowboard-reviews/alloy-pandora-women's-2019-snowboard-review,None,All Mountain Freestyle,Expert,Women's,Tunisia by Nidecker,Directional Twin,Traditional Camber,Centered,Feels Normal,Poor,Great,Excellent,Great,Good,Great,Excellent,Average,Excellent,['2019']
Arbor Ethos,https://thegoodride.com/snowboard-reviews/arbor-ethos-2021-snowboard-review,Liked it!,All Mountain Freestyle,Beginner - Intermediate,"Women's, < 8, 8-10",Dubai by SWS,Directional Twin,Continuous Rocker,Setback -5mm,Feels Normal,Good,Good,Poor,Average,Good,Great,Good,Great,Average,['2021']
Arbor Poparazzi Camber,https://thegoodride.com/snowboard-reviews/arbor-poparazzi-camber-2021-snowboard-review,Liked it!,All Mountain,Intermediate - Advanced,"Women's, < 8, 8-10",Dubai by SWS,Directional Twin,Traditional Camber,Centered,Feels Normal,Average,Great,Good,Good,Great,Excellent,Great,Good,Great,['2021']
Arbor Swoon,https://thegoodride.com/snowboard-reviews/arbor-swoon-2011-2018-snowboard-review,Pretty Good,All Mountain Freestyle,Beginner - Expert,Women's,Dubai by SWS,Directional Twin,Continuous Rocker,Centered,Feels Normal,Average,Average,Average,Average,Excellent,Great,Excellent,Good,Good,"['2011', '2018']"
Arbor Swoon Camber,https://thegoodride.com/snowboard-reviews/arbor-swoon-camber-snowboard-review-and-buying-advice,Pretty Good,All Mountain Freestyle,Advanced - Expert,Women's,Dubai by SWS,Directional Twin,Mostly Camber,Centered,Feels Normal,Average,Good,Great,Great,Good,Great,Excellent,Good,Great,[]
Arbor Veda,https://thegoodride.com/snowboard-reviews/arbor-veda-2021-snowboard-review,Liked it!,Freeride,Intermediate - Expert,"Women's, < 8, 8-10, 10-12",Dubai by SWS,Tapered Directional,Traditional Camber,Setback -20mm,Feels Normal,Great,Great,Great,Great,Great,Average,Good,Poor,Good,['2021']
Arbor Womens Clovis,https://thegoodride.com/snowboard-reviews/arbor-womens-clovis-2021-snowboard-review,Liked it!,Freeride,Intermediate - Expert,"Women's, < 8, 8-10, 10-12",Dubai by SWS,Tapered Directional,Mostly Camber,Centered,Feels Heavy,Good,Great,Good,Great,Great,Average,Good,Average,Good,['2021']
Burton Day Trader,https://thegoodride.com/snowboard-reviews/burton-day-trader-2014-2019-snowboard-review,Pretty Good,Freeride,Intermediate - Expert,Women's,China,Tapered Directional,Flat to Rocker,Setback over 20mm,Feels Normal,Great,Good,Average,Good,Great,Average,Average,Average,Average,"['2014', '2019']"
Burton Deja Vu,https://thegoodride.com/snowboard-reviews/burton-deja-vu-2012-2018-snowboard-review,Pretty Good,All Mountain,Beginner - Advanced,Women's,China,Directional Twin,Hybrid Rocker,Setback -12.5mm,Feels Normal,Good,Average,Average,Good,Great,Great,Great,Good,Average,"['2012', '2018']"
Burton Feelgood,https://thegoodride.com/snowboard-reviews/burton-feelgood-review-and-buying-advice,Liked it!,All Mountain,Intermediate - Expert,Women's,China,Twinish,Traditional Camber,Setback -12.5mm,Feels Normal,Poor,Great,Great,Great,Good,Good,Good,Average,Good,[]
Burton  Rewind,https://thegoodride.com/snowboard-reviews/burton-rewind-2020-snowboard-review,Pretty Good,All Mountain Freestyle,Intermediate - Expert,"Women's, < 8, 8-10",None,True Twin,Hybrid Camber,Centered,Feels Normal,Average,Good,Average,Great,Good,Great,Great,Good,Great,['2020']
Burton Stick Shift,https://thegoodride.com/snowboard-reviews/burton-stick-shift-2019-snowboard-review,Liked it!,Powder,Advanced - Expert,Women's,Austria,Tapered Directional,Flat to Rocker,Setback over 20mm,Feels Normal,Great,Good,Average,Good,Good,Poor,Average,Average,Average,['2019']
Burton Story Board,https://thegoodride.com/snowboard-reviews/burton-story-board-2019-snowboard-review,Liked it!,Freeride,Advanced - Expert,Women's,Austria,Tapered Directional,Directional Camber,Setback over 20mm,Feels Normal,Great,Excellent,Great,Great,Good,Average,Good,Poor,Good,['2019']
Burton Womens Super Bueno,https://thegoodride.com/snowboard-reviews/burton-womens-super-bueno-2020-snowboard-review,Pretty Good,Freeride,Advanced - Expert,"Women's, 8-10, 10-12",None,Tapered Directional,Directional Camber,Setback over 20mm,Feels Normal,Good,Great,Great,Great,Great,Average,Great,Poor,Good,['2020']
Capita Birds Of A Feather,https://thegoodride.com/snowboard-reviews/capita-birds-of-a-feather-2013-2019-snowboard-review,Liked it!,All Mountain Freestyle,Advanced - Expert,Women's,Austria at The Mothership,True Twin,Hybrid Camber,Centered,Feels Light,Poor,Good,Average,Good,Good,Great,Great,Good,Good,"['2013', '2019']"
Capita Jess Kimura Pro,https://thegoodride.com/snowboard-reviews/capita-jess-kimura-pro-2019-snowboard-review,Liked it!,All Mountain,Intermediate - Expert,Women's,Austria at The Mothership,Directional Twin,Directional Camber,Centered,Feels Normal,Average,Good,Good,Good,Great,Good,Good,Average,Good,['2019']
Capita Paradise Falls,https://thegoodride.com/snowboard-reviews/capita-paradise-falls-2017-2019-snowboard-review,Loved it!,All Mountain Freestyle,Intermediate - Expert,Women's,Austria by The Mothership,True Twin,Hybrid Camber,Centered,Feels Normal,Average,Good,Good,Good,Great,Great,Great,Good,Good,"['2017', '2019']"
Capita Space Metal Fantasy,https://thegoodride.com/snowboard-reviews/capita-space-metal-fantasy-2010-2019-snowboard-review,Loved it!,Jib / Street,Intermediate - Expert,Women's,Austria at The Mothership,True Twin,Flat to Rocker,Centered,Feels Normal,Poor,Average,Average,Average,Good,Great,Good,Great,Average,"['2010', '2019']"
Decathlon Serenity 100,https://thegoodride.com/snowboard-reviews/decathlon-serenity-100-2020-review,Pretty Good,All Mountain,Beginner - Intermediate,"Women's, < 8, 8-10",None,Directional Twin,Traditional Camber,Setback -10mm,Feels Heavy,Average,Good,Great,Great,Good,Good,Good,Poor,Good,['2020']
Decathlon Serenity 500,https://thegoodride.com/snowboard-reviews/decathlon-serenity-500-2020-snowboard-review,Pretty Good,All Mountain,Intermediate - Advanced,"Women's, < 8, 8-10, 10-12",None,Directional,Directional Camber,Setback -15mm,Feels Heavy,Good,Good,Great,Great,Good,Average,Average,Poor,Average,['2020']
Decathlon Womens Bullwhip 700 Dreamscape,https://thegoodride.com/snowboard-reviews/decathlon-womens-bullwhip-700-dreamscape-2020-snowboard-review,Liked it!,Aggressive All Mountain,Advanced - Expert,"Women's, 8-10, 10-12",None,Tapered Directional,Directional Camber,Setback over 20mm,Feels Heavy,Great,Great,Great,Great,Good,Poor,Average,Poor,Average,['2020']
Decathlon Womens Endzone 500,https://thegoodride.com/snowboard-reviews/decathlon-womens-endzone-500-2020-snowboard-review,Liked it!,All Mountain Freestyle,Intermediate - Advanced,"Women's, < 8, 8-10",None,True Twin,Flat to Rocker,Centered,Feels Heavy,Good,Good,Average,Good,Good,Great,Good,Good,Average,['2020']
Elevated Surf Craft Minni Driver,https://thegoodride.com/snowboard-reviews/elevated-surf-craft-minni-driver-2020-snowboard-review,Pretty Good,Alternative Freeride,Intermediate - Expert,"Women's, < 8, 8-10, 10-12, > 12",None,Tapered Directional,Hybrid Camber,Setback over 20mm,Feels Normal,Good,Good,Good,Good,Great,Great,Great,Poor,Good,['2020']
Elevated Surf Craft Minni Fish,https://thegoodride.com/snowboard-reviews/elevated-surf-craft-minni-fish-2020-snowboard-review,Liked it!,Alternative Freeride,Intermediate - Expert,"Women's, < 8, 8-10, 10-12, > 12",None,Tapered Directional,Hybrid Camber,Setback over 20mm,Feels Normal,Great,Great,Good,Good,Good,Poor,Average,Poor,Good,['2020']
Endeavor Womens Alpha,https://thegoodride.com/snowboard-reviews/endeavor-womens-alpha-2020-snowboard-review,Liked it!,Aggressive All Mountain,Advanced - Expert,"Women's, 8-10, 10-12, > 12",None,Directional Twin,Traditional Camber,None,Feels Normal,Poor,Great,Excellent,Excellent,Poor,Good,Average,Poor,Average,['2020']
Endeavor Womens Archetype,https://thegoodride.com/snowboard-reviews/endeavor-womens-archetype-2020-snowboard-review,Loved it!,Alternative Freeride,Intermediate - Expert,"Women's, 8-10, 10-12, > 12",None,Directional,Directional Camber,Setback over 20mm,Feels Normal,Great,Great,Great,Great,Great,Average,Good,Poor,Good,['2020']
Endeavor Womens Clout,https://thegoodride.com/snowboard-reviews/endeavor-womens-clout-2020-snowboard-review,Liked it!,All Mountain,Intermediate - Advanced,"Women's, 8-10, 10-12, > 12",None,Directional Twin,Traditional Camber,Centered,Feels Normal,Good,Great,Great,Great,Great,Great,Great,Average,Great,['2020']
Endeavor Womens Pioneer,https://thegoodride.com/snowboard-reviews/endeavor-womens-pioneer-2020-snowboard-review,Liked it!,Aggressive All Mountain Freestyle,Advanced - Expert,"Women's, 8-10, 10-12",None,Directional Twin,Hybrid Camber,Centered,Feels Normal,Good,Great,Great,Great,Good,Great,Great,Good,Great,['2020']
Gentemstick Baby Mantaray,https://thegoodride.com/snowboard-reviews/gentemstick-baby-mantaray-2020-snowboard-review,Liked it!,Alternative Freeride,Advanced - Expert,Women's,China,Tapered Directional,Hybrid Camber,Setback over 20mm,Feels Normal,Great,Great,Great,Great,Great,Poor,Average,Poor,Average,['2020']
Gentemstick  Mermaid,https://thegoodride.com/snowboard-reviews/gentemstick-mermaid-2020-snowboard-review,Loved it!,Alternative Freeride,Intermediate - Advanced,"Women's, 8-10",None,Tapered Directional,Directional Camber,Setback over 20mm,Feels Normal,Great,Great,Great,Good,Great,Average,Average,Poor,Good,['2020']
Gentemstick Trinity,https://thegoodride.com/snowboard-reviews/gentemstick-trinity-snowboard-review,Liked it!,Alternative Freeride,Advanced - Expert,Women's,None,Tapered Directional,Directional Camber,Setback over 20mm,Feels Normal,Great,Great,Great,Great,Good,Poor,Average,Poor,Poor,[]
Gilson  Glacier,https://thegoodride.com/snowboard-reviews/gilson-glacier-2020-snowboard-review,Pretty Good,All Mountain,Intermediate - Advanced,"Women's, 8-10",None,True Twin,Traditional Camber,Centered,Feels Heavy,Great,Good,Great,Good,Good,Great,Good,Average,Good,['2020']
Gilson Nirvana,https://thegoodride.com/snowboard-reviews/gilson-nirvana-2020-snowboard-review,Pretty Good,Freestyle,Intermediate - Advanced,"Women's, 8-10",None,True Twin,Flat to Rocker,Centered,Feels Heavy,Good,Good,Great,Good,Good,Great,Good,Good,Average,['2020']
Gnu B-Nice,https://thegoodride.com/snowboard-reviews/gnu-b-nice-2010-2019-snowboard-review,Liked it!,Freestyle,Beginner - Expert,Women's,USA by Mervin,Asymmetrical Twin,Continuous Rocker,Centered,Feels Heavy,Average,Good,Average,Average,Great,Excellent,Good,Good,Good,"['2010', '2019']"
Gnu B-Pro,https://thegoodride.com/snowboard-reviews/gnu-b-pro-2014-2019-snowboard-review,Liked it!,All Mountain Freestyle,Advanced - Expert,Women's,USA by Mervin,True Twin,Mostly Camber,Centered,Feels Heavy,Poor,Great,Great,Great,Average,Great,Great,Average,Great,"['2014', '2019']"
Gnu Chromatic,https://thegoodride.com/snowboard-reviews/gnu-chromatic-2019-snowboard-review,Liked it!,All Mountain,Beginner - Advanced,Women's,USA By Mervin,Directional Twin,Continuous Rocker,Centered,Feels Normal,Good,Good,Average,Average,Good,Good,Average,Good,Good,['2019']
Gnu Free Spirit,https://thegoodride.com/snowboard-reviews/gnu-free-spirit-2018-2019-snowboard-review,Liked it!,Alternative Freeride,Advanced - Expert,"Women's, < 8",USA by Mervin,Tapered Directional,Mostly Camber,Setback over 20mm,Feels Normal,Good,Great,Great,Great,Average,Average,Good,Poor,Average,"['2018', '2019']"
Gnu Gloss,https://thegoodride.com/snowboard-reviews/gnu-gloss-2018-2019-snowboard-review,Liked it!,All Mountain,Beginner - Expert,Women's,USA by Mervin,Directional Twin,Hybrid Rocker,Centered,Feels Normal,Good,Good,Average,Good,Great,Great,Good,Good,Good,"['2018', '2019']"
Gnu Klassy,https://thegoodride.com/snowboard-reviews/gnu-klassy-2019-snowboard-review,Liked it!,Freeride,Beginner - Expert,"Women's, < 8",USA by Mervin,Tapered Directional,Hybrid Rocker,Setback over 20mm,Feels Normal,Great,Good,Good,Good,Good,Average,Good,Average,Good,['2019']
Gnu Ladies Choice,https://thegoodride.com/snowboard-reviews/gnu-ladies-choice-2013-2019-snowboard-review,Loved it!,Freestyle,Beginner - Expert,Women's,USA by Mervin,Asymmetrical Twin,Hybrid Rocker,Centered,Feels Heavy,Average,Good,Good,Good,Great,Excellent,Excellent,Good,Great,"['2013', '2019']"
Gnu Ladies Hyperkyarve,https://thegoodride.com/snowboard-reviews/gnu-ladies-hyperkyarve-2019-snowboard-review,Liked it!,Freeride,Beginner - Expert,Women's,USA by Mervin,Tapered Directional,Hybrid Rocker,Setback over 20mm,Feels Normal,Good,Good,Good,Good,Great,Good,Good,Average,Good,['2019']
GNU Pro Choice,https://thegoodride.com/snowboard-reviews/gnu-pro-choice-2020-snowboard-review,Liked it!,All Mountain Freestyle,Intermediate - Expert,"Women's, 8-10",None,Asymmetrical Twin,Hybrid Rocker,Centered,Feels Normal,Average,Great,Great,Great,Good,Excellent,Great,Good,Great,['2020']
Gnu Velvet,https://thegoodride.com/snowboard-reviews/gnu-velvet-2013-2019-snowboard-review,Liked it!,All Mountain Freestyle,Beginner - Advanced,Women's,USA by Mervin,Asymmetrical Twin,Hybrid Rocker,Centered,Feels Heavy,Average,Good,Average,Good,Good,Excellent,Good,Good,Good,"['2013', '2019']"
GNU Whip,https://thegoodride.com/snowboard-reviews/gnu-whip-2020-snowboard-review,Pretty Good,Aggressive All Mountain,Advanced - Expert,"Women's, 8-10",None,Tapered Directional,Hybrid Rocker,None,Feels Normal,Good,Great,Great,Great,Average,Average,Average,Poor,Good,['2020']
Jones Airheart,https://thegoodride.com/snowboard-reviews/jones-airheart-2018-2020-snowboard-review,Liked it!,All Mountain,Intermediate - Expert,Women's,Dubai by SWS,Twinish,Hybrid Camber,Setback -20mm,Feels Light,Good,Good,Good,Good,Average,Good,Great,Average,Good,"['2018', '2020']"
Jones Dream Catcher,https://thegoodride.com/snowboard-reviews/jones-dream-catcher-women's-2020-snowboard-review,Loved it!,All Mountain,Beginner - Expert,"Women's, 8-10",Dubai by SWS,Directional Twin,Hybrid Camber,Setback -20mm,Feels Normal,Good,Great,Good,Great,Great,Great,Great,Great,Good,['2020']
Jones Solution Splitboard,https://thegoodride.com/snowboard-reviews/jones-solution-splitboard-2020-snowboard-review,Liked it!,Freeride,Advanced - Expert,"Women's, 8-10",Dubai by SWS,Tapered Directional,Hybrid Camber,Setback -20mm,Feels Normal,Excellent,Great,Great,Great,Good,Poor,Poor,Poor,Poor,['2020']
Jones Twin Sister,https://thegoodride.com/snowboard-reviews/jones-twin-sister-2013-2021-snowboard-review,Liked it!,All Mountain,Intermediate - Expert,"Women's, < 8, 8-10, 10-12",Dubai by SWS,Directional Twin,Hybrid Camber,Centered,Feels Normal,Good,Good,Good,Good,Good,Great,Good,Average,Good,"['2013', '2021']"
Jones Womens Flagship,https://thegoodride.com/snowboard-reviews/jones-womens-flagship-2013-2020-snowboard-review,Loved it!,Freeride,Advanced - Expert,Women's,Dubai by SWS,Tapered Directional,Hybrid Camber,Setback -20mm,Feels Heavy,Great,Great,Good,Great,Average,Average,Average,Poor,Average,"['2013', '2020']"
Jones Womens Hovercraft,https://thegoodride.com/snowboard-reviews/jones-womens-hovercraft-2016-2020-snowboard-review,Loved it!,Alternative Freeride,Advanced - Expert,Women's,Dubai by SWS,Tapered Directional,Hybrid Camber,Setback -20mm,Feels Normal,Great,Great,Good,Great,Good,Poor,Average,Poor,Average,"['2016', '2020']"
Jones Womens Mind Expander,https://thegoodride.com/snowboard-reviews/jones-womens-mind-expander-2019-snowboard-review,Loved it!,Powder,Intermediate - Expert,Women's,Dubai by SWS,Tapered Directional,Flat to Rocker,Centered,Feels Normal,Excellent,Good,Average,Good,Great,Average,Good,Average,Average,['2019']
K2 Cold Shoulder,https://thegoodride.com/snowboard-reviews/k2-cold-shoulder-2020-snowboard-review,Pretty Good,All Mountain,Intermediate - Expert,"Women's, 8-10",None,Tapered Directional,Mostly Camber,Setback -20mm,Feels Normal,Good,Good,Great,Great,Average,Average,Good,Poor,Good,['2020']
K2  First Lite,https://thegoodride.com/snowboard-reviews/k2-first-lite-2013-2019-snowboard-review,Pretty Good,All Mountain,Beginner - Intermediate,Women's,China,Directional Twin,Flat to Rocker,Setback -20mm,Feels Normal,Good,Average,Average,Average,Great,Good,Average,Good,Average,"['2013', '2019']"
K2 Lime Lite,https://thegoodride.com/snowboard-reviews/k2-lime-lite-2013-2019-snowboard-review,Liked it!,All Mountain Freestyle,Intermediate - Expert,Women's,China,True Twin,Hybrid Camber,Centered,Feels Normal,Poor,Great,Good,Good,Good,Great,Great,Good,Great,"['2013', '2019']"
K2 Wildheart,https://thegoodride.com/snowboard-reviews/k2-wildheart-2020-snowboard-review,Pretty Good,Freeride,Intermediate - Expert,"Women's, 8-10, 10-12",None,Tapered Directional,Hybrid Camber,Setback -20mm,Feels Normal,Good,Great,Great,Great,Good,Average,Average,Poor,Average,['2020']
K2 Womens Party Platter,https://thegoodride.com/snowboard-reviews/k2-womens-party-platter-2020-snowboard-review,Liked it!,Powder,Intermediate - Expert,"Women's, 8-10, 10-12",China,Tapered Directional,Flat to Rocker,Setback over 20mm,Feels Normal,Great,Average,Average,Average,Average,Average,Average,Poor,Good,['2020']
Lib Tech Cortado,https://thegoodride.com/snowboard-reviews/lib-tech-cortado-2020-snowboard-review,Pretty Good,Aggressive All Mountain,Intermediate - Expert,"Women's, 10-12",None,Tapered Directional,Hybrid Rocker,Setback -20mm,Feels Heavy,Great,Good,Good,Great,Good,Average,Good,Poor,Average,['2020']
Lib Tech Dynamiss,https://thegoodride.com/snowboard-reviews/lib-tech-dynamiss-2020-snowboard-review,Loved it!,Freeride,Intermediate - Expert,"Women's, 8-10",None,Tapered Directional,Hybrid Rocker,Setback over 20mm,Feels Normal,Great,Great,Great,Great,Great,Average,Good,Average,Great,['2020']
Lib Tech No.43,https://thegoodride.com/snowboard-reviews/lib-tech-no-43-2020-snowboard-review,Pretty Good,All Mountain Freestyle,Advanced - Expert,"Women's, 8-10",None,True Twin,Hybrid Rocker,Centered,Feels Normal,Good,Great,Good,Great,Good,Great,Great,Good,Great,['2020']
Marhar Aura,https://thegoodride.com/snowboard-reviews/marhar-aura-2018-snowboard-review,Liked it!,All Mountain Freestyle,Beginner - Expert,Women's,USA by Marhar,True Twin,Flat to Rocker,Centered,Feels Normal,Average,Good,Average,Good,Good,Great,Good,Good,Good,['2018']
Marhar  Katana,https://thegoodride.com/snowboard-reviews/marhar-katana-2018-snowboard-review,Liked it!,Jib / Street,Beginner - Expert,Women's,USA by Marhar,True Twin,Flat to Rocker,Centered,Feels Normal,Average,Average,Average,Average,Good,Great,Good,Excellent,Average,['2018']
Moss Snowstick 50 Swallow,https://thegoodride.com/snowboard-reviews/moss-snowstick-50-swallow-2020-snowboard-review,Liked it!,Alternative Freeride,Advanced - Expert,"Women's, 8-10, 10-12",None,Tapered Directional,Directional Camber,Setback over 20mm,Feels Normal,Good,Great,Great,Great,Good,Poor,Average,Poor,Average,['2020']
Moss Snowstick  Performance Quad 49,https://thegoodride.com/snowboard-reviews/moss-snowstick-performance-quad-49-2020-snowboard-review,Pretty Good,Alternative Freeride,Advanced - Expert,"Women's, 8-10",None,Tapered Directional,Directional Camber,Setback over 20mm,Feels Normal,Excellent,Great,Good,Average,Good,Poor,Poor,Poor,Average,['2020']
Moss Snowstick U3,https://thegoodride.com/snowboard-reviews/moss-snowstick-u3-2020-snowboard-review,Liked it!,Alternative Freeride,Advanced - Expert,"Women's, 8-10",None,Tapered Directional,Directional Camber,Setback over 20mm,Feels Normal,Great,Good,Good,Average,Good,Poor,Average,Poor,Average,['2020']
Never Summer Aura,https://thegoodride.com/snowboard-reviews/never-summer-aura-2016-2019-snowboard-review,Loved it!,All Mountain,Advanced - Expert,Women's,USA by Never Summer,Directional,Hybrid Rocker,Setback -20mm,Feels Normal,Good,Good,Good,Good,Great,Good,Great,Average,Great,"['2016', '2019']"
Never Summer Infinity,https://thegoodride.com/snowboard-reviews/never-summer-infinity-2010-2021-snowboard-review,Liked it!,All Mountain,Beginner - Expert,"Women's, < 8, 8-10",USA by Never Summer,Twinish,Hybrid Rocker,Setback -12.5mm,Feels Normal,Good,Good,Average,Good,Great,Good,Good,Good,Good,"['2010', '2021']"
Never Summer Lady West,https://thegoodride.com/snowboard-reviews/never-summer-lady-west-2020-snowboard-review,Liked it!,All Mountain,Intermediate - Expert,"Women's, 8-10",USA by Never Summer,Tapered Directional,Hybrid Rocker,Setback -20mm,Feels Normal,Good,Good,Good,Good,Great,Good,Great,Average,Great,['2020']
Never Summer Onyx,https://thegoodride.com/snowboard-reviews/never-summer-onyx-snowboard-review-and-buying-advice,Liked it!,All Mountain Freestyle,Beginner - Expert,Women's,USA by Never Summer,True Twin,Hybrid Rocker,Centered,Feels Normal,Average,Good,Good,Good,Good,Great,Great,Good,Great,[]
Never Summer Shade,https://thegoodride.com/snowboard-reviews/never-summer-shade-2020-snowboard-review,Loved it!,Freestyle,Beginner - Advanced,"Women's, 8-10",USA by Never Summer,True Twin,Hybrid Rocker,Centered,Feels Normal,Good,Good,Average,Good,Great,Great,Good,Great,Good,['2020']
Never Summer Womens Insta Gator,https://thegoodride.com/snowboard-reviews/never-summer-womens-insta-gator-2018-2019-snowboard-review,Liked it!,Alternative Freeride,Advanced - Expert,Women's,USA by Never Summer,Tapered Directional,Hybrid Rocker,Setback over 20mm,Feels Normal,Great,Great,Good,Good,Great,Average,Good,Average,Average,"['2018', '2019']"
Never Summer Womens Maverix,https://thegoodride.com/snowboard-reviews/never-summer-womens-maverix-2018-2019-snowboard-review,Pretty Good,Alternative Freeride,Advanced - Expert,Women's,USA by Never Summer,Tapered Directional,Hybrid Rocker,Setback over 20mm,Feels Normal,Great,Good,Good,Good,Great,Average,Average,Average,Average,"['2018', '2019']"
Never Summer Womens Proto Synthesis,https://thegoodride.com/snowboard-reviews/never-summer-womens-proto-synthesis-2021-snowboard-review,Loved it!,All Mountain Freestyle,Intermediate - Advanced,"Women's, < 8, 8-10",USA by Never Summer,True Twin,Hybrid Rocker,Centered,Feels Normal,Average,Great,Good,Great,Great,Great,Great,Good,Great,['2021']
Never Summer Womens Proto Type Two,https://thegoodride.com/snowboard-reviews/never-summer-womens-proto-type-two-2017-2019-snowboard-review,Loved it!,All Mountain Freestyle,Intermediate - Expert,Women's,USA by Never Summer,Asymmetrical Twin,Hybrid Rocker,Centered,Feels Normal,Average,Great,Good,Good,Great,Excellent,Excellent,Good,Great,"['2017', '2019']"
Niche Ember,https://thegoodride.com/snowboard-reviews/niche-ember-2020-snowboard-review,Liked it!,All Mountain,Intermediate - Advanced,"Women's, 8-10, 10-12",None,Tapered Directional,Hybrid Camber,Setback -12.5mm,Feels Normal,Great,Good,Great,Great,Good,Average,Good,Poor,Good,['2020']
Niche  Minx,https://thegoodride.com/snowboard-reviews/niche-minx-2020-snowboard-review,Pretty Good,Freestyle,Beginner - Intermediate,"Women's, 8-10",None,True Twin,Flat to Rocker,Centered,Feels Normal,Good,Average,Average,Good,Good,Great,Good,Great,Average,['2020']
Niche  Nightshade,https://thegoodride.com/snowboard-reviews/niche-nightshade-2020-snowboard-review,Liked it!,All Mountain Freestyle,Intermediate - Advanced,"Women's, 8-10",Austria,True Twin,Mostly Camber,Centered,Feels Normal,Average,Great,Great,Good,Great,Great,Great,Good,Great,['2020']
Niche Sonnet,https://thegoodride.com/snowboard-reviews/niche-sonnet-2020-snowboard-review,Liked it!,All Mountain Freestyle,Intermediate - Advanced,"Women's, 8-10",None,Directional Twin,Hybrid Rocker,Centered,Feels Normal,Good,Good,Average,Good,Great,Great,Good,Good,Average,['2020']
Nitro Drop,https://thegoodride.com/snowboard-reviews/nitro-drop-women's-snowboard-review,Liked it!,Aggressive All Mountain,Intermediate - Advanced,Women's,None,Tapered Directional,Mostly Camber,None,Feels Normal,Good,Great,Great,Great,Good,Good,Good,Average,Average,[]
Nitro Fate,https://thegoodride.com/snowboard-reviews/nitro-fate-2010-2019-women's-snowboard-review,Liked it!,All Mountain Freestyle,Intermediate - Expert,Women's,None,Directional Twin,Mostly Camber,Setback -15mm,Feels Normal,Average,Great,Great,Great,Good,Great,Great,Average,Great,"['2010', '2019']"
Nitro Mercy,https://thegoodride.com/snowboard-reviews/nitro-mercy-women's-snowboard-review,Liked it!,Freestyle,Intermediate - Expert,Women's,None,True Twin,Hybrid Camber,Centered,Feels Normal,Average,Great,Great,Great,Great,Great,Great,Great,Great,[]
Nitro Mystique,https://thegoodride.com/snowboard-reviews/nitro-mystique-women's-snowboard-review,Pretty Good,All Mountain Freestyle,Intermediate - Expert,Women's,None,Directional Twin,Hybrid Rocker,Setback -15mm,Feels Normal,Good,Good,Good,Good,Great,Good,Great,Good,Average,[]
Nitro Spell,https://thegoodride.com/snowboard-reviews/nitro-spell-2017-snowboard-review,Liked it!,Freestyle,Beginner - Expert,Women's,None,True Twin,Flat to Rocker,Centered,Feels Normal,Average,Average,Average,Average,Good,Great,Good,Great,Average,['2017']
Ride Hellcat,https://thegoodride.com/snowboard-reviews/ride-hellcat-2014-2019-snowboard-review,Loved it!,Freeride,Advanced - Expert,Women's,China,Tapered Directional,Directional Camber,Setback -20mm,Feels Normal,Good,Great,Great,Great,Good,Average,Good,Average,Good,"['2014', '2019']"
Ride OMG,https://thegoodride.com/snowboard-reviews/ride-omg-2012-2018-snowboard-review,Pretty Good,All Mountain Freestyle,Intermediate - Expert,Women's,China,Asymmetrical Twin,Hybrid Camber,Centered,Feels Normal,Average,Average,Good,Good,Good,Great,Great,Good,Good,"['2012', '2018']"
Ride Psychocandy,https://thegoodride.com/snowboard-reviews/ride-psychocandy-2020-snowboard-review,Pretty Good,Alternative Freeride,Advanced - Expert,"Women's, 8-10, 10-12, > 12",None,Tapered Directional,Flat to Rocker,Setback -20mm,Feels Normal,Great,Good,Great,Great,Good,Average,Average,Poor,Good,['2020']
Ride Saturday,https://thegoodride.com/snowboard-reviews/ride-saturday-2018-2019-snowboard-review,It´s OK,All Mountain Freestyle,Intermediate - Expert,Women's,China,True Twin,Hybrid Camber,Centered,Feels Heavy,Average,Average,Good,Great,Great,Great,Good,Average,Good,"['2018', '2019']"
Ride Warpig,https://thegoodride.com/snowboard-reviews/ride-warpig-2020-womens-snowboard-review,Liked it!,Alternative Freeride,Intermediate - Expert,"Women's, 8-10, 10-12",China,Tapered Directional,Flat to Rocker,Centered,Feels Normal,Good,Good,Good,Average,Great,Average,Average,Average,Average,['2020']
Rome Winterland,https://thegoodride.com/snowboard-reviews/rome-winterland-2017-snowboard-review,Liked it!,Freeride,Advanced - Expert,Women's,Canada,Tapered Directional,Mostly Camber,Setback -20mm,Feels Light,Good,Great,Great,Great,Good,Average,Average,Poor,Average,['2017']
Rossignol After Hours,https://thegoodride.com/snowboard-reviews/rossignol-after-hours-2021-snowboard-review,Liked it!,All Mountain,Intermediate - Expert,"Women's, < 8, 8-10",Taiwan or China,Directional Twin,Hybrid Camber,Setback -10mm,Feels Light,Great,Great,Great,Great,Great,Good,Good,Poor,Good,['2021']
Rossignol Diva,https://thegoodride.com/snowboard-reviews/rossignol-diva-2010-2018-snowboard-review,Loved it!,All Mountain Freestyle,Advanced - Expert,Women's,Taiwan or China,Directional Twin,Hybrid Camber,Centered,Feels Normal,Average,Great,Good,Great,Good,Great,Good,Average,Excellent,"['2010', '2018']"
Rossignol Frenemy,https://thegoodride.com/snowboard-reviews/rossignol-frenemy-2013-2019-snowboard-review,Loved it!,All Mountain,Beginner - Intermediate,Women's,Taiwan or China,Twinish,Hybrid Camber,Setback -20mm,Feels Normal,Good,Good,Average,Good,Great,Good,Average,Good,Good,"['2013', '2019']"
Rossignol  Gala,https://thegoodride.com/snowboard-reviews/rossignol-gala-2013-2019-snowboard-review,Pretty Good,All Mountain,Beginner - Intermediate,Women's,Taiwan or China,Directional Twin,Hybrid Camber,Setback -15mm,Feels Normal,Good,Average,Average,Average,Great,Good,Good,Good,Good,"['2013', '2019']"
Rossignol Justice,https://thegoodride.com/snowboard-reviews/rossignol-justice-review-and-buying-advice,Pretty Good,All Mountain Freestyle,Intermediate - Expert,Women's,Taiwan or China,Directional Twin,Hybrid Camber,Setback -10mm,Feels Normal,Good,Average,Good,Good,Great,Good,Good,Good,Good,[]
Rossignol Meraki,https://thegoodride.com/snowboard-reviews/rossignol-meraki-2020-snowboard-review,Liked it!,Freestyle,Beginner - Intermediate,"Women's, 8-10",None,True Twin,Hybrid Camber,Centered,Feels Normal,Good,Average,Average,Average,Good,Great,Good,Great,Average,['2020']
Rossignol  Myth,https://thegoodride.com/snowboard-reviews/rossignol-myth-2013-2019-snowboard-review,It´s OK,Freestyle,Beginner - Advanced,Women's,Taiwan or China,True Twin,Hybrid Camber,Centered,Feels Heavy,Average,Average,Average,Average,Great,Great,Good,Good,Average,"['2013', '2019']"
Salomon Bellevue,https://thegoodride.com/snowboard-reviews/salomon-bellevue-2020-snowboard-review,Liked it!,Freeride,Advanced - Expert,"Women's, 8-10, 10-12",None,Tapered Directional,Hybrid Camber,Setback -20mm,Feels Light,Great,Great,Great,Great,Good,Average,Average,Poor,Average,['2020']
Salomon  Gypsy,https://thegoodride.com/snowboard-reviews/salomon-gypsy-2010-2019-snowboard-review,Liked it!,All Mountain Freestyle,Beginner - Expert,Women's,None,True Twin,Hybrid Camber,Centered,Feels Normal,Average,Good,Good,Good,Average,Great,Great,Good,Great,"['2010', '2019']"
Salomon Pillow Talk,https://thegoodride.com/snowboard-reviews/salomon-pillow-talk-2020-snowboard-review,Liked it!,Powder,Intermediate - Advanced,"Women's, 8-10, 10-12",None,Tapered Directional,Hybrid Camber,Centered,Feels Normal,Great,Great,Great,Great,Good,Average,Average,Poor,Average,['2020']
Salomon Rumble Fish,https://thegoodride.com/snowboard-reviews/salomon-rumble-fish-snowboard-review-2020,Liked it!,All Mountain Freestyle,Intermediate - Expert,Women's,None,True Twin,Hybrid Camber,Centered,Feels Normal,Average,Great,Good,Good,Great,Great,Great,Good,Great,['2020']
Salomon Wonder,https://thegoodride.com/snowboard-reviews/salomon-wonder-2020-snowboard-review,Loved it!,All Mountain,Intermediate - Expert,Women's,None,Directional Twin,Hybrid Camber,Setback -10mm,Feels Normal,Average,Good,Great,Good,Average,Good,Great,Average,Great,['2020']
Sims SoFun,https://thegoodride.com/snowboard-reviews/sims-sofun-2017-snowboard-review,None,All Mountain Freestyle,Intermediate - Expert,Women's,USA by Never Summer,True Twin,Hybrid Camber,Centered,Feels Normal,Average,,Good,Good,Good,Great,Good,Good,Great,['2017']
Soul Girl Powder,https://thegoodride.com/snowboard-reviews/soul-girl-powder-womens-snowboard-review,Liked it!,Alternative Freeride,Intermediate - Expert,"Women's, 8-10",None,Tapered Directional,Directional Camber,Setback over 20mm,Feels Normal,Excellent,Great,Excellent,Great,Good,Poor,Good,Poor,Good,[]
Soul Womens Pitch Wing,https://thegoodride.com/snowboard-reviews/soul-womens-pitch-wing-2020-snowboard-review,Liked it!,Alternative Freeride,Advanced - Expert,"Women's, 8-10",None,Tapered Directional,Traditional Camber,Setback over 20mm,Feels Normal,Good,Excellent,Excellent,Great,Good,Poor,Good,Poor,Great,['2020']
Tribe Wild Thing,https://thegoodride.com/snowboard-reviews/tribe-wild-thing-2017-snowboard-review,Liked it!,All Mountain Freestyle,Advanced - Expert,Women's,None,True Twin,Traditional Camber,Centered,Feels Normal,Poor,Good,Good,Good,Great,Great,Great,Good,Great,['2017']
Venture Oracle,https://thegoodride.com/snowboard-reviews/venture-oracle-2018-snowboard-review,Liked it!,All Mountain,Intermediate - Expert,Women's,USA by Venture,Tapered Directional,Flat to Rocker,Setback -20mm,Feels Normal,Good,Good,Good,Good,Great,Good,Good,Average,Good,['2018']
Venture Tempest,https://thegoodride.com/snowboard-reviews/venture-tempest-2018-snowboard-review,Liked it!,Freeride,Intermediate - Expert,Women's,USA by Venture,Tapered Directional,Flat to Rocker,Setback over 20mm,Feels Heavy,Excellent,Good,Average,Great,Great,Average,Average,Poor,Average,['2018']
Weston Eclipse,https://thegoodride.com/snowboard-reviews/weston-eclipse-2021-snowboard-review,Liked it!,Alternative Freeride,Intermediate - Expert,"Women's, 8-10, 10-12",China,Tapered Directional,Hybrid Camber,Setback -10mm,Feels Normal,Great,Great,Great,Great,Good,Average,Good,Poor,Good,['2021']
Weston Rise,https://thegoodride.com/snowboard-reviews/weston-rise-2020-snowboard-review,Liked it!,All Mountain Freestyle,Intermediate - Advanced,"Women's, 8-10, 10-12",None,Directional Twin,Hybrid Camber,Setback -20mm,Feels Normal,Great,Good,Good,Good,Great,Good,Great,Average,Good,['2020']
Weston Riva,https://thegoodride.com/snowboard-reviews/weston-riva-2021-snowboard-review,Liked it!,Freeride,Intermediate - Advanced,"Women's, 8-10, 10-12",None,Tapered Directional,Hybrid Camber,Setback over 20mm,Feels Normal,Great,Great,Good,Great,Good,Average,Average,Poor,Average,['2021']
Weston Spruce,https://thegoodride.com/snowboard-reviews/weston-spruce-2021-snowboard-review,Liked it!,All Mountain Freestyle,Beginner - Advanced,"Women's, 8-10, 10-12",China,True Twin,Hybrid Rocker,Centered,Feels Normal,Good,Good,Good,Good,Great,Great,Great,Good,Good,['2021']
Yes 420 Womens,https://thegoodride.com/snowboard-reviews/yes-420-womens-2021-snowboard-review,Loved it!,Powder,Intermediate - Expert,"Women's, 8-10, 10-12, > 12",Dubai by SWS,Tapered Directional,Hybrid Camber,Setback -15mm,Feels Light,Great,Great,Average,Good,Good,Average,Average,Average,Average,['2021']
YES Emoticon,https://thegoodride.com/snowboard-reviews/yes-emoticon-2015-2021-snowboard-review,Loved it!,All Mountain Freestyle,Beginner - Expert,Women's,Dubai by SWS,True Twin,Hybrid Camber,Centered,Feels Normal,Average,Good,Good,Good,Great,Great,Great,Good,Great,"['2015', '2021']"
YES Hel Yes,https://thegoodride.com/snowboard-reviews/yes-hel-yes-2014-2021-snowboard-review,Loved it!,All Mountain,Advanced - Expert,Women's,Dubai by SWS,Directional,Hybrid Camber,Setback -10mm,Feels Normal,Good,Great,Great,Great,Good,Good,Great,Average,Great,"['2014', '2021']"
Yes Hello,https://thegoodride.com/snowboard-reviews/yes-hello-2021-snowboard-review,Liked it!,All Mountain,Intermediate - Expert,"Women's, 8-10",Dubai by SWS,Directional Twin,Hybrid Camber,Setback -10mm,Feels Normal,Good,Good,Good,Good,Good,Great,Good,Average,Good,['2021']
